Livro;Page ID;Titulo;text.txt;referencia.txt;Audio Fonte;audio.mp3;timestamps.json;index.html;index.json;Palavras;HTML Size (KB);Status
3;livro3-let10;Eu fui lá não sei aonde;OK;OK;livro3_let10.mp3;OK;OK;OK;OK;27;40.9;COMPLETO
3;livro3-let11;Quem quiser saber meu nome;OK;OK;livro3_let11.mp3;OK;OK;OK;OK;24;40.4;COMPLETO
3;livro3-let16;Adivinha;OK;OK;livro3_let16.mp3;OK;OK;OK;OK;23;40.3;COMPLETO
3;livro3-let18;Tem picolé, seu José;OK;OK;livro3_let18.mp3;OK;OK;OK;OK;38;42.4;COMPLETO
3;livro3-let24;O bicho-preguiça;OK;OK;livro3_let24.mp3;OK;OK;OK;OK;116;53.0;COMPLETO
3;livro3-let36;Bule de chá;OK;OK;livro3_let36.mp3;OK;OK;OK;OK;56;45.0;COMPLETO
3;livro3-let37;Lamento à beira-mar;OK;OK;livro3_let37.mp3;OK;OK;OK;OK;33;41.7;COMPLETO
3;livro3-let41;6 curiosidades sobre o sol que você precisa saber;OK;OK;livro3_let41.mp3;OK;OK;OK;OK;53;44.4;COMPLETO
3;livro3-let43;Os vilões do oceano;OK;OK;livro3_let43.mp3;OK;OK;OK;OK;109;52.1;COMPLETO
3;livro3-let45;Como as aves escutam se elas não têm orelhas?;OK;OK;livro3_let45.mp3;OK;OK;OK;OK;111;52.1;COMPLETO
3;livro3-let47;Papo de gato;OK;OK;livro3_let47.mp3;OK;OK;OK;OK;65;46.2;COMPLETO
3;livro3-let5;Não falo, mas sempre explico;OK;OK;livro3_let5.mp3;OK;OK;OK;OK;21;40.1;COMPLETO
3;livro3-let53;O gato e a raposa;OK;OK;livro3_let53.mp3;OK;OK;OK;OK;135;55.5;COMPLETO
3;livro3-let57;Peteca;OK;OK;livro3_let57.mp3;OK;OK;OK;OK;61;46.0;COMPLETO
3;livro3-let69;Fim do mistério: zoológico na Inglaterra confirma que urso chinês é real e não um humano fantasiado;OK;OK;livro3_let69.mp3;OK;OK;OK;OK;179;62.6;COMPLETO
3;livro3-let71;A chimpanzé que aprendeu a falar;OK;OK;livro3_let71.mp3;OK;OK;OK;OK;138;55.9;COMPLETO
3;livro3-let72;Os viajantes e o urso;OK;OK;livro3_let72.mp3;OK;OK;OK;OK;138;55.7;COMPLETO
3;livro3-let75;Nada;OK;OK;livro3_let75.mp3;OK;OK;OK;OK;128;54.4;COMPLETO
4;livro4-let14;Conheça Polly, a cabra que só se acalma fantasiada de pato;OK;OK;livro4_let14.mp3;OK;OK;OK;OK;150;58.0;COMPLETO
4;livro4-let15;Borbolonça;OK;OK;livro4_let15.mp3;OK;OK;OK;OK;30;41.4;COMPLETO
4;livro4-let24;Cientistas descobrem nova espécie de sapo de 1 centímetro em parque de Santa Catarina;OK;OK;livro4_let24.mp3;OK;OK;OK;OK;74;47.7;COMPLETO
4;livro4-let31;Cadeira;OK;OK;livro4_let31.mp3;OK;OK;OK;OK;33;41.8;COMPLETO
4;livro4-let38;Cachinhos Dourados e os três ursos;OK;OK;livro4_let38.mp3;OK;OK;OK;OK;449;100.5;COMPLETO
4;livro4-let44;Era uma vez um barquinho;OK;OK;livro4_let44.mp3;OK;OK;OK;OK;46;44.0;COMPLETO
4;livro4-let52;A história sem fim;OK;OK;livro4_let52.mp3;OK;OK;OK;OK;390;91.2;COMPLETO
4;livro4-let57;O jacaré e a lagartixa;OK;OK;livro4_let57.mp3;OK;OK;OK;OK;24;41.1;COMPLETO
4;livro4-let6;Passe a bola;OK;OK;livro4_let6.mp3;OK;OK;OK;OK;24;40.5;COMPLETO
4;livro4-let63;A casa tem nome;OK;OK;livro4_let63.mp3;OK;OK;OK;OK;103;52.0;COMPLETO
4;livro4-let64;Advinha quem veio te visitar?;OK;OK;livro4_let64.mp3;OK;OK;OK;OK;477;103.9;COMPLETO
4;livro4-let7;No nome Luana;OK;OK;livro4_let7.mp3;OK;OK;OK;OK;31;41.3;COMPLETO
4;livro4-let75;Ipê-roxo;OK;OK;livro4_let75.mp3;OK;OK;OK;OK;49;44.4;COMPLETO
4;livro4-let8;A língua de um povo dá nome para todas as coisas;OK;OK;livro4_let8.mp3;OK;OK;OK;OK;73;47.4;COMPLETO
5;livro5-let12;Como a escrita foi inventada?;OK;OK;livro5_let12.mp3;OK;OK;OK;OK;552;116.1;COMPLETO
5;livro5-let14;A história das letras;OK;OK;livro5_let14.mp3;OK;OK;OK;OK;307;79.5;COMPLETO
5;livro5-let18;Cinco-marias;OK;OK;livro5_let18.mp3;OK;OK;OK;OK;47;43.8;COMPLETO
5;livro5-let19;Um mural com pinturas [...];OK;OK;livro5_let19.mp3;OK;OK;OK;OK;64;46.1;COMPLETO
5;livro5-let22;Os 10 dinossauros em que você não gostaria de tropeçar;OK;OK;livro5_let22.mp3;OK;OK;OK;OK;66;46.4;COMPLETO
5;livro5-let23;Curiosidades - Glossauro;OK;OK;livro5_let23.mp3;OK;OK;OK;OK;90;49.7;COMPLETO
5;livro5-let31;O papagaio que fazia CRÁ-CRÁ;OK;OK;livro5_let31.mp3;OK;OK;OK;OK;107;52.0;COMPLETO
5;livro5-let32;O papagaio que faz CRÁ-CRÁ-CRÁ;OK;OK;livro5_let32.mp3;OK;OK;OK;OK;97;50.7;COMPLETO
5;livro5-let42;Mamíferos voadores;OK;OK;livro5_let42.mp3;OK;OK;OK;OK;80;48.1;COMPLETO
5;livro5-let52;O menino que pode salvar o mar;OK;OK;livro5_let52.mp3;OK;OK;OK;OK;351;85.6;COMPLETO
5;livro5-let6;Ana;OK;OK;livro5_let6.mp3;OK;OK;OK;OK;76;47.7;COMPLETO
5;livro5-let63;O pássaro e a nuvem;OK;OK;livro5_let63.mp3;OK;OK;OK;OK;88;49.7;COMPLETO
5;livro5-let7;Oliveira;OK;OK;livro5_let7.mp3;OK;OK;OK;OK;39;42.7;COMPLETO
5;livro5-let70;Irerê;OK;OK;livro5_let70.mp3;OK;OK;OK;OK;23;40.4;COMPLETO
5;livro5-let76;A arte carregada de emoções de Alex Senna;OK;OK;livro5_let76.mp3;OK;OK;OK;OK;240;70.4;COMPLETO
5;livro5-let78;O traço inconfundível de Alex Senna nas ruas de Pompeia;OK;OK;livro5_let78.mp3;OK;OK;OK;OK;183;62.2;COMPLETO
5;livro5-let9;Gente tem sobrenome;OK;OK;livro5_let9.mp3;OK;OK;OK;OK;20;40.2;COMPLETO
